Дата операции,Дата платежа,Номер карты,Статус,Сумма операции,Валюта операции,Сумма платежа,Валюта платежа,Кэшбэк,Категория,MCC,Описание,Бонусы (включая кэшбэк),Округление на инвесткопилку,Сумма операции с округлением
2020-10-23 18:41:02,2020-10-25,*7197,OK,-311.94,RUB,-311.94,RUB,,Супермаркеты,5411.0,Магнит,6,0,311.94
2020-10-23 18:14:32,2020-10-25,*7197,OK,-119.62,RUB,-119.62,RUB,,Супермаркеты,5499.0,Колхоз,2,0,119.62
2020-10-23 12:01:12,2020-10-25,*7197,OK,-130.76,RUB,-130.76,RUB,,Супермаркеты,5499.0,Колхоз,2,0,130.76
2020-10-21 18:17:08,2020-10-23,*7197,OK,-125.98,RUB,-125.98,RUB,,Супермаркеты,5411.0,Магнит,2,0,125.98
2020-10-21 17:51:15,2020-10-23,*7197,OK,-235.33,RUB,-235.33,RUB,,Супермаркеты,5411.0,Supermarket 101,4,0,235.33
2020-10-21 15:43:01,2020-10-23,*7197,OK,-86.48,RUB,-86.48,RUB,,Супермаркеты,5499.0,Колхоз,1,0,86.48
2020-10-21 11:25:21,2020-10-23,*7197,OK,-48.49,RUB,-48.49,RUB,,Супермаркеты,5411.0,Магнит,0,0,48.49
2020-10-20 18:23:21,2020-10-22,*7197,OK,-126.68,RUB,-126.68,RUB,,Супермаркеты,5411.0,Магнит,2,0,126.68
2020-10-19 15:59:58,2020-10-21,*7197,OK,-134.21,RUB,-134.21,RUB,,Супермаркеты,5499.0,Колхоз,2,0,134.21
2020-10-19 11:41:59,2020-10-20,*7197,OK,-118.0,RUB,-118.0,RUB,,Супермаркеты,5411.0,Green T6,2,0,118.0
2020-10-19 11:37:44,2020-10-21,*7197,OK,-48.49,RUB,-48.49,RUB,,Супермаркеты,5411.0,Магнит,0,0,48.49
2020-10-18 16:11:44,2020-10-20,*7197,OK,-505.37,RUB,-505.37,RUB,,Супермаркеты,5411.0,Магнит,10,0,505.37
2020-10-17 21:59:54,2020-10-19,*7197,OK,-296.0,RUB,-296.0,RUB,,Супермаркеты,5411.0,Supermarket 101,5,0,296.0
2020-10-16 18:06:13,2020-10-18,*7197,OK,-240.78,RUB,-240.78,RUB,,Супермаркеты,5411.0,Магнит,4,0,240.78
2020-10-16 13:21:32,2020-10-18,*7197,OK,-138.0,RUB,-138.0,RUB,,Супермаркеты,5499.0,Колхоз,2,0,138.0
2020-10-15 18:26:14,2020-10-17,*7197,OK,-79.99,RUB,-79.99,RUB,,Супермаркеты,5411.0,Магнит,1,0,79.99
2020-10-15 17:09:58,2020-10-17,*7197,OK,-116.62,RUB,-116.62,RUB,,Супермаркеты,5499.0,Колхоз,2,0,116.62
2020-10-15 16:40:39,2020-10-16,*7197,OK,-448.0,RUB,-448.0,RUB,,Супермаркеты,5499.0,Frukty Ovoshchi,8,0,448.0
2020-10-14 20:35:17,2020-10-16,*7197,OK,-44.99,RUB,-44.99,RUB,,Супермаркеты,5411.0,Магнит,0,0,44.99
2020-10-14 18:12:42,2020-10-16,*7197,OK,-117.98,RUB,-117.98,RUB,,Супермаркеты,5411.0,Магнит,2,0,117.98
2020-10-14 14:29:26,2020-10-16,*7197,OK,-92.0,RUB,-92.0,RUB,,Супермаркеты,5499.0,Колхоз,1,0,92.0
2020-10-13 18:05:15,2020-10-15,*7197,OK,-178.0,RUB,-178.0,RUB,,Супермаркеты,5411.0,Магнит,3,0,178.0
2020-10-13 17:39:45,2020-10-15,*7197,OK,-105.05,RUB,-105.05,RUB,,Супермаркеты,5411.0,Магнит,2,0,105.05
2020-10-13 16:44:28,2020-10-15,*7197,OK,-115.43,RUB,-115.43,RUB,,Супермаркеты,5499.0,Колхоз,2,0,115.43
2020-10-12 21:54:37,2020-10-14,*7197,OK,-174.98,RUB,-174.98,RUB,,Супермаркеты,5411.0,Магнит,3,0,174.98
2020-10-12 18:45:58,2020-10-14,*7197,OK,-95.98,RUB,-95.98,RUB,,Супермаркеты,5411.0,Магнит,1,0,95.98
2020-10-12 11:09:52,2020-10-14,*7197,OK,-48.99,RUB,-48.99,RUB,,Супермаркеты,5411.0,Магнит,0,0,48.99
2020-10-11 10:57:15,2020-10-13,*7197,OK,-48.99,RUB,-48.99,RUB,,Супермаркеты,5411.0,Магнит,0,0,48.99
2020-10-10 17:08:21,2020-10-12,*7197,OK,-163.98,RUB,-163.98,RUB,,Супермаркеты,5411.0,Магнит,3,0,163.98
2020-10-09 18:18:51,2020-10-11,*7197,OK,-117.98,RUB,-117.98,RUB,,Супермаркеты,5411.0,Магнит,2,0,117.98
2020-10-09 16:14:34,2020-10-12,*7197,OK,-1235.0,RUB,-1235.0,RUB,,Супермаркеты,5411.0,WILDBERRIES,24,0,1235.0
2020-10-09 13:47:04,2020-10-11,*7197,OK,-84.18,RUB,-84.18,RUB,,Супермаркеты,5499.0,Колхоз,1,0,84.18
2020-10-08 17:09:03,2020-10-10,*7197,OK,-103.53,RUB,-103.53,RUB,,Супермаркеты,5499.0,Колхоз,2,0,103.53
2020-10-07 18:19:50,2020-10-09,*7197,OK,-137.97,RUB,-137.97,RUB,,Супермаркеты,5411.0,Магнит,2,0,137.97
2020-10-07 16:13:55,2020-10-09,*7197,OK,-84.19,RUB,-84.19,RUB,,Супермаркеты,5499.0,Колхоз,1,0,84.19
2020-10-06 18:13:13,2020-10-08,*7197,OK,-85.68,RUB,-85.68,RUB,,Супермаркеты,5411.0,Магнит,1,0,85.68
2020-10-06 13:19:46,2020-10-08,*7197,OK,-120.0,RUB,-120.0,RUB,,Супермаркеты,5441.0,Kofe Osobyj,2,0,120.0
2020-10-05 14:34:54,2020-10-07,*7197,OK,-82.34,RUB,-82.34,RUB,,Супермаркеты,5499.0,Колхоз,1,0,82.34
2020-10-05 14:09:37,2020-10-07,*7197,OK,-246.0,RUB,-246.0,RUB,,Супермаркеты,5499.0,Колхоз,4,0,246.0
2020-10-05 13:59:15,2020-10-07,*7197,OK,-549.72,RUB,-549.72,RUB,,Супермаркеты,5411.0,Магнит,10,0,549.72
2020-10-03 13:05:23,2020-10-05,*7197,OK,-138.0,RUB,-138.0,RUB,,Супермаркеты,5499.0,Колхоз,2,0,138.0
2020-10-02 14:46:14,2020-10-04,*7197,OK,-241.39,RUB,-241.39,RUB,,Супермаркеты,5499.0,Колхоз,4,0,241.39
2020-10-01 18:23:24,2020-10-03,*7197,OK,-77.98,RUB,-77.98,RUB,,Супермаркеты,5411.0,Магнит,1,0,77.98
2020-10-01 17:08:35,2020-10-03,*7197,OK,-454.11,RUB,-454.11,RUB,,Супермаркеты,5411.0,Магнит,9,0,454.11
2020-09-30 18:22:38,2020-10-02,*7197,OK,-179.96,RUB,-179.96,RUB,,Супермаркеты,5411.0,Магнит,3,0,179.96
2020-09-30 15:21:25,2020-10-02,*7197,OK,-41.82,RUB,-41.82,RUB,,Супермаркеты,5411.0,Магнит,0,0,41.82
2020-09-30 15:13:25,2020-10-02,*7197,OK,-92.0,RUB,-92.0,RUB,,Супермаркеты,5499.0,Колхоз,1,0,92.0
2020-09-29 18:13:01,2020-10-01,*7197,OK,-43.98,RUB,-43.98,RUB,,Супермаркеты,5411.0,Магнит,0,0,43.98
2020-09-29 15:24:48,2020-10-01,*7197,OK,-138.0,RUB,-138.0,RUB,,Супермаркеты,5499.0,Колхоз,2,0,138.0
2020-09-28 20:52:18,2020-09-30,*7197,OK,-238.96,RUB,-238.96,RUB,,Супермаркеты,5411.0,Магнит,4,0,238.96
2020-09-28 16:54:26,2020-09-30,*7197,OK,-48.99,RUB,-48.99,RUB,,Супермаркеты,5411.0,Магнит,0,0,48.99
2020-09-28 10:00:40,2020-09-30,*7197,OK,-49.0,RUB,-49.0,RUB,,Супермаркеты,5411.0,Supermarket 101,0,0,49.0
2020-09-27 10:58:47,2020-09-29,*7197,OK,-122.97,RUB,-122.97,RUB,,Супермаркеты,5411.0,Магнит,2,0,122.97
2020-09-26 11:27:26,2020-09-28,*7197,OK,-232.95,RUB,-232.95,RUB,,Супермаркеты,5411.0,Магнит,4,0,232.95
2020-09-26 11:17:59,2020-09-28,*7197,OK,-121.1,RUB,-121.1,RUB,,Супермаркеты,5499.0,Колхоз,2,0,121.1
2020-09-25 18:23:10,2020-09-27,*7197,OK,-139.96,RUB,-139.96,RUB,,Супермаркеты,5411.0,Магнит,2,0,139.96
2020-09-24 16:08:35,2020-09-26,*7197,OK,-134.9,RUB,-134.9,RUB,,Супермаркеты,5499.0,Колхоз,2,0,134.9
2020-09-23 21:11:15,2020-09-25,*7197,OK,-39.0,RUB,-39.0,RUB,,Супермаркеты,5411.0,Supermarket 101,0,0,39.0
2020-09-23 19:13:50,2020-09-25,*7197,OK,-105.94,RUB,-105.94,RUB,,Супермаркеты,5499.0,Колхоз,2,0,105.94
2020-09-22 15:28:08,2020-09-24,*7197,OK,-138.0,RUB,-138.0,RUB,,Супермаркеты,5499.0,Колхоз,2,0,138.0
2020-09-22 15:22:04,2020-09-24,*7197,OK,-93.16,RUB,-93.16,RUB,,Супермаркеты,5411.0,Магнит,1,0,93.16
2020-09-22 13:05:50,2020-09-24,*7197,OK,-107.19,RUB,-107.19,RUB,,Супермаркеты,5411.0,Дикси,2,0,107.19
2020-09-21 15:54:21,2020-09-23,*7197,OK,-86.02,RUB,-86.02,RUB,,Супермаркеты,5499.0,Колхоз,1,0,86.02
2020-09-21 15:52:14,2020-09-23,*7197,OK,-197.98,RUB,-197.98,RUB,,Супермаркеты,5411.0,Магнит,3,0,197.98
2020-09-21 14:35:15,2020-09-23,*7197,OK,-125.49,RUB,-125.49,RUB,,Супермаркеты,5411.0,Дикси,2,0,125.49
2020-09-21 08:51:17,2020-09-23,*7197,OK,-49.0,RUB,-49.0,RUB,,Супермаркеты,5411.0,Supermarket 101,0,0,49.0
2020-09-20 18:17:50,2020-09-22,*7197,OK,-48.49,RUB,-48.49,RUB,,Супермаркеты,5411.0,Магнит,0,0,48.49
2020-09-20 11:27:05,2020-09-22,*7197,OK,-48.49,RUB,-48.49,RUB,,Супермаркеты,5411.0,Магнит,0,0,48.49
2020-09-19 22:35:43,2020-09-21,*7197,OK,-419.98,RUB,-419.98,RUB,,Супермаркеты,5411.0,Магнит,8,0,419.98
2020-09-19 10:45:15,2020-09-21,*7197,OK,-138.0,RUB,-138.0,RUB,,Супермаркеты,5499.0,Колхоз,2,0,138.0
2020-09-18 15:29:17,2020-09-20,*7197,OK,-117.97,RUB,-117.97,RUB,,Супермаркеты,5411.0,Магнит,2,0,117.97
2020-09-18 12:42:30,2020-09-20,*7197,OK,-35.97,RUB,-35.97,RUB,,Супермаркеты,5411.0,Магнит,0,0,35.97
2020-09-17 20:43:26,2020-09-19,*7197,OK,-56.98,RUB,-56.98,RUB,,Супермаркеты,5411.0,Магнит,1,0,56.98
2020-09-17 17:33:12,2020-09-19,*7197,OK,-98.5,RUB,-98.5,RUB,,Супермаркеты,5411.0,Дикси,1,0,98.5
2020-09-17 11:12:12,2020-09-19,*7197,OK,-86.0,RUB,-86.0,RUB,,Супермаркеты,5411.0,Supermarket 101,1,0,86.0
2020-09-17 11:08:32,2020-09-19,*7197,OK,-120.0,RUB,-120.0,RUB,,Супермаркеты,5441.0,Kofe Osobyj,2,0,120.0
2020-09-16 17:29:43,2020-09-18,*7197,OK,-50.89,RUB,-50.89,RUB,,Супермаркеты,5411.0,Дикси,1,0,50.89
2020-09-16 14:38:33,2020-09-18,*7197,OK,-198.0,RUB,-198.0,RUB,,Супермаркеты,5411.0,Prisma,3,0,198.0
2020-09-15 19:17:04,2020-09-18,*7197,OK,-98.97,RUB,-98.97,RUB,,Супермаркеты,5411.0,Магнит,1,0,98.97
2020-09-15 13:09:37,2020-09-18,*7197,OK,-546.97,RUB,-546.97,RUB,,Супермаркеты,5411.0,Магнит,10,0,546.97
2020-09-14 14:19:31,2020-09-17,*7197,OK,-150.98,RUB,-150.98,RUB,,Супермаркеты,5411.0,Магнит,3,0,150.98
2020-09-14 14:04:20,2020-09-17,*7197,OK,-1249.8,RUB,-1249.8,RUB,,Супермаркеты,5411.0,Prisma,24,0,1249.8
2020-09-13 21:19:54,2020-09-15,*7197,OK,-390.94,RUB,-390.94,RUB,,Супермаркеты,5411.0,Магнит,7,0,390.94
2020-09-13 21:03:57,2020-09-15,*7197,OK,-634.79,RUB,-634.79,RUB,,Супермаркеты,5411.0,Prisma,12,0,634.79
2020-09-12 20:21:27,2020-09-14,*7197,OK,-141.0,RUB,-141.0,RUB,,Супермаркеты,5411.0,Supermarket 101,2,0,141.0
2020-09-12 20:17:30,2020-09-15,*7197,OK,-49.07,RUB,-49.07,RUB,,Супермаркеты,5411.0,Магнит,0,0,49.07
2020-09-12 13:11:18,2020-09-14,*7197,OK,-83.49,RUB,-83.49,RUB,,Супермаркеты,5499.0,Колхоз,1,0,83.49
2020-09-12 10:04:09,2020-09-15,*7197,OK,-48.99,RUB,-48.99,RUB,,Супермаркеты,5411.0,Магнит,0,0,48.99
2020-09-11 17:20:31,2020-09-14,*7197,OK,-68.69,RUB,-68.69,RUB,,Супермаркеты,5411.0,Дикси,1,0,68.69
2020-09-11 14:37:35,2020-09-14,*7197,OK,-189.98,RUB,-189.98,RUB,,Супермаркеты,5411.0,Магнит,3,0,189.98
2020-09-10 17:38:23,2020-09-12,*7197,OK,-49.0,RUB,-49.0,RUB,,Супермаркеты,5411.0,Supermarket 101,0,0,49.0
2020-09-10 14:31:45,2020-09-12,*7197,OK,-0.99,RUB,-0.99,RUB,,Супермаркеты,5411.0,Магнит,0,0,0.99
2020-09-10 14:23:09,2020-09-12,*7197,OK,-131.79,RUB,-131.79,RUB,,Супермаркеты,5499.0,Колхоз,2,0,131.79
2020-09-09 20:45:51,2020-09-11,*7197,OK,-143.0,RUB,-143.0,RUB,,Супермаркеты,5411.0,Supermarket 101,2,0,143.0
2020-09-09 16:49:26,2020-09-11,*7197,OK,-90.0,RUB,-90.0,RUB,,Супермаркеты,5921.0,Produkty 24,1,0,90.0
2020-09-09 14:32:29,2020-09-11,*7197,OK,-372.78,RUB,-372.78,RUB,,Супермаркеты,5411.0,Продукты Ермолино,7,0,372.78
2020-09-08 13:40:01,2020-09-10,*7197,OK,-192.81,RUB,-192.81,RUB,,Супермаркеты,5499.0,Колхоз,3,0,192.81
2020-09-07 17:54:42,2020-09-09,*7197,OK,-367.63,RUB,-367.63,RUB,,Супермаркеты,5411.0,Supermarket 101,7,0,367.63
2020-09-06 21:00:00,2020-09-08,*7197,OK,-309.97,RUB,-309.97,RUB,,Супермаркеты,5411.0,Магнит,6,0,309.97
2020-09-06 15:12:49,2020-09-08,*7197,OK,-126.0,RUB,-126.0,RUB,,Супермаркеты,5499.0,Колхоз,2,0,126.0
2020-09-04 15:32:06,2020-09-06,*7197,OK,-539.9,RUB,-539.9,RUB,,Супермаркеты,5411.0,Prisma,10,0,539.9
2020-09-04 15:31:40,2020-09-06,*7197,OK,-599.9,RUB,-599.9,RUB,,Супермаркеты,5411.0,Prisma,11,0,599.9
2020-09-04 13:58:19,2020-09-06,*7197,OK,-92.0,RUB,-92.0,RUB,,Супермаркеты,5499.0,Колхоз,1,0,92.0
2020-09-04 07:27:09,2020-09-06,*7197,OK,-54.0,RUB,-54.0,RUB,,Супермаркеты,5411.0,Produkty 24,1,0,54.0
2020-09-03 09:57:39,2020-09-06,*7197,OK,-189.97,RUB,-189.97,RUB,,Супермаркеты,5411.0,Магнит,3,0,189.97
2020-09-03 09:54:15,2020-09-06,*7197,OK,-110.78,RUB,-110.78,RUB,,Супермаркеты,5499.0,Колхоз,2,0,110.78
2020-09-02 17:59:11,2020-09-05,*7197,OK,-68.0,RUB,-68.0,RUB,,Супермаркеты,5499.0,Колхоз,1,0,68.0
2020-09-02 10:31:44,2020-09-04,*7197,OK,-92.0,RUB,-92.0,RUB,,Супермаркеты,5499.0,Колхоз,1,0,92.0
2020-09-01 19:48:43,2020-09-04,*7197,OK,-72.0,RUB,-72.0,RUB,,Супермаркеты,5411.0,Supermarket 101,1,0,72.0
2020-09-01 19:43:56,2020-09-03,*7197,OK,-141.0,RUB,-141.0,RUB,,Супермаркеты,5411.0,Supermarket 101,2,0,141.0
2020-08-31 16:31:19,2020-09-02,*7197,OK,-92.0,RUB,-92.0,RUB,,Супермаркеты,5499.0,Колхоз,1,0,92.0
2020-08-31 09:43:26,2020-09-02,*7197,OK,-48.99,RUB,-48.99,RUB,,Супермаркеты,5411.0,Магнит,0,0,48.99
2020-08-30 19:26:38,2020-09-01,*7197,OK,-78.98,RUB,-78.98,RUB,,Супермаркеты,5411.0,Магнит,1,0,78.98
2020-08-30 19:12:47,2020-09-01,*7197,OK,-343.53,RUB,-343.53,RUB,,Супермаркеты,5411.0,Продукты Ермолино,6,0,343.53
2020-08-28 21:12:03,2020-08-30,*7197,OK,-129.98,RUB,-129.98,RUB,,Супермаркеты,5411.0,Магнит,2,0,129.98
2020-08-28 18:51:21,2020-08-30,*7197,OK,-289.98,RUB,-289.98,RUB,,Супермаркеты,5411.0,Магнит,5,0,289.98
2020-08-28 13:55:19,2020-08-30,*7197,OK,-180.84,RUB,-180.84,RUB,,Супермаркеты,5411.0,Продукты Ермолино,3,0,180.84
2020-08-27 19:09:21,2020-08-29,*7197,OK,-243.0,RUB,-243.0,RUB,,Супермаркеты,5411.0,Supermarket 101,4,0,243.0
2020-08-27 16:18:15,2020-08-29,*7197,OK,-518.82,RUB,-518.82,RUB,,Супермаркеты,5411.0,Supermarket 101,10,0,518.82
2020-08-27 09:08:12,2020-08-29,*7197,OK,-31.0,RUB,-31.0,RUB,,Супермаркеты,5499.0,Magazin 25,0,0,31.0
2020-08-25 13:16:16,2020-08-28,*7197,OK,-491.0,RUB,-491.0,RUB,,Супермаркеты,5411.0,Лента,9,0,491.0
2020-08-22 20:19:58,2020-08-25,*7197,OK,-94.0,RUB,-94.0,RUB,,Супермаркеты,5411.0,Supermarket 101,1,0,94.0
2020-08-22 16:26:15,2020-08-25,*7197,OK,-90.0,RUB,-90.0,RUB,,Супермаркеты,5499.0,Колхоз,1,0,90.0
2020-08-21 18:52:25,2020-08-24,*7197,OK,-92.73,RUB,-92.73,RUB,,Супермаркеты,5411.0,Supermarket 101,1,0,92.73
2020-08-20 19:52:48,2020-08-22,*7197,OK,-148.39,RUB,-148.39,RUB,,Супермаркеты,5411.0,Дикси,2,0,148.39
2020-08-20 15:23:59,2020-08-22,*7197,OK,-229.0,RUB,-229.0,RUB,,Супермаркеты,5411.0,Supermarket 101,4,0,229.0
2020-08-20 15:15:04,2020-08-22,*7197,OK,-138.0,RUB,-138.0,RUB,,Супермаркеты,5499.0,Колхоз,2,0,138.0
2020-08-19 17:46:23,2020-08-21,*7197,OK,-288.0,RUB,-288.0,RUB,,Супермаркеты,5411.0,Supermarket 101,5,0,288.0
2020-08-19 16:55:57,2020-08-21,*7197,OK,-317.64,RUB,-317.64,RUB,,Супермаркеты,5411.0,Магнит,6,0,317.64
2020-08-19 12:16:01,2020-08-21,*7197,OK,-90.0,RUB,-90.0,RUB,,Супермаркеты,5499.0,Колхоз,1,0,90.0
2020-08-18 17:44:57,2020-08-20,*7197,OK,-179.19,RUB,-179.19,RUB,,Супермаркеты,5411.0,Продукты Ермолино,3,0,179.19
2020-08-18 13:56:13,2020-08-20,*7197,OK,-79.0,RUB,-79.0,RUB,,Супермаркеты,5499.0,Magazin 25,1,0,79.0
2020-08-18 13:10:48,2020-08-20,*7197,OK,-160.0,RUB,-160.0,RUB,,Супермаркеты,5411.0,Лента,3,0,160.0
2020-08-17 16:08:51,2020-08-20,*7197,OK,-121.0,RUB,-121.0,RUB,,Супермаркеты,5499.0,Magazin 25,2,0,121.0
2020-08-17 13:33:21,2020-08-19,*7197,OK,-158.95,RUB,-158.95,RUB,,Супермаркеты,5411.0,Дикси,3,0,158.95
2020-08-17 11:51:11,2020-08-19,*7197,OK,-138.0,RUB,-138.0,RUB,,Супермаркеты,5499.0,Колхоз,2,0,138.0
2020-08-16 18:51:52,2020-08-19,*7197,OK,-65.9,RUB,-65.9,RUB,,Супермаркеты,5411.0,Магнит,1,0,65.9
2020-08-16 14:35:58,2020-08-19,*7197,OK,-99.5,RUB,-99.5,RUB,,Супермаркеты,5411.0,Магнит,1,0,99.5
2020-08-14 15:29:58,2020-08-16,*7197,OK,-89.43,RUB,-89.43,RUB,,Супермаркеты,5411.0,Продукты Ермолино,1,0,89.43
2020-08-14 13:30:30,2020-08-16,*7197,OK,-189.89,RUB,-189.89,RUB,,Супермаркеты,5411.0,Магнит,3,0,189.89
2020-08-13 15:27:30,2020-08-15,*7197,OK,-88.88,RUB,-88.88,RUB,,Супермаркеты,5499.0,Колхоз,1,0,88.88
2020-08-12 13:04:11,2020-08-14,*7197,OK,-123.99,RUB,-123.99,RUB,,Супермаркеты,5411.0,Магнит,2,0,123.99
2020-08-12 12:44:30,2020-08-14,*7197,OK,-87.53,RUB,-87.53,RUB,,Супермаркеты,5499.0,Колхоз,1,0,87.53
2020-08-11 17:19:40,2020-08-13,*7197,OK,-152.0,RUB,-152.0,RUB,,Супермаркеты,5411.0,Myasnoj Ryad,3,0,152.0
2020-08-09 15:35:26,2020-08-11,*7197,OK,-69.99,RUB,-69.99,RUB,,Супермаркеты,5411.0,Магнит,1,0,69.99
2020-08-05 20:42:16,2020-08-07,*7197,OK,-90.0,RUB,-90.0,RUB,,Супермаркеты,5441.0,Kofe Osobyj,1,0,90.0
2020-08-05 14:26:43,2020-08-07,*7197,OK,-158.73,RUB,-158.73,RUB,,Супермаркеты,5411.0,Продукты Ермолино,3,0,158.73
2020-08-05 12:17:20,2020-08-07,*7197,OK,-45.0,RUB,-45.0,RUB,,Супермаркеты,5499.0,Колхоз,0,0,45.0
2020-08-04 11:57:42,2020-08-06,*7197,OK,-45.0,RUB,-45.0,RUB,,Супермаркеты,5499.0,Колхоз,0,0,45.0
2020-08-03 12:40:55,2020-08-05,*7197,OK,-45.0,RUB,-45.0,RUB,,Супермаркеты,5499.0,Колхоз,0,0,45.0
2020-08-02 13:37:04,2020-08-04,*7197,OK,-48.99,RUB,-48.99,RUB,,Супермаркеты,5411.0,Магнит,0,0,48.99
2020-08-01 17:51:09,2020-08-03,*7197,OK,-116.0,RUB,-116.0,RUB,,Супермаркеты,5411.0,Supermarket 101,2,0,116.0
2020-08-01 11:14:59,2020-08-03,*7197,OK,-44.99,RUB,-44.99,RUB,,Супермаркеты,5411.0,Магнит,0,0,44.99
2020-08-01 11:07:35,2020-08-03,*7197,OK,-69.0,RUB,-69.0,RUB,,Супермаркеты,5499.0,Колхоз,1,0,69.0
2020-07-31 17:37:05,2020-08-02,*7197,OK,-196.35,RUB,-196.35,RUB,,Супермаркеты,5411.0,Продукты Ермолино,3,0,196.35
2020-07-31 17:22:51,2020-08-02,*7197,OK,-45.0,RUB,-45.0,RUB,,Супермаркеты,5499.0,Колхоз,0,0,45.0
2020-07-31 10:49:12,2020-08-02,*7197,OK,-47.0,RUB,-47.0,RUB,,Супермаркеты,5411.0,Supermarket 101,0,0,47.0
2020-07-31 08:25:19,2020-08-02,*7197,OK,-236.0,RUB,-236.0,RUB,,Супермаркеты,5411.0,Supermarket 101,4,0,236.0
2020-07-30 12:03:58,2020-08-01,*7197,OK,-47.0,RUB,-47.0,RUB,,Супермаркеты,5411.0,Магнит,0,0,47.0
2020-07-30 12:00:17,2020-08-01,*7197,OK,-45.0,RUB,-45.0,RUB,,Супермаркеты,5499.0,Колхоз,0,0,45.0
